{
    "loss": 0.2560553431510925,
    "accuracy": 0.9064748201438849,
    "precision": 0.9166674362692131,
    "recall": 0.9064748201438849,
    "f1_score": 0.9057217284995533,
    "precision_per_class": [
        0.8536585365853658,
        0.9824561403508771
    ],
    "recall_per_class": [
        0.9859154929577465,
        0.8235294117647058
    ],
    "f1_per_class": [
        0.9150326797385621,
        0.896
    ],
    "confusion_matrix": [
        [
            70,
            1
        ],
        [
            12,
            56
        ]
    ]
}